{"cameraMode":{"drawMode":0,"name":"Shaded","section":"Shading Mode"},"sceneLighting":false,"audioPlay":false,"sceneViewState":{"m_AlwaysRefresh":false,"showFog":true,"showSkybox":false,"showFlares":true,"showImageEffects":true,"showParticleSystems":true,"showVisualEffectGraphs":true,"m_FxEnabled":true},"in2DMode":false,"pivot":{"x":0.5907567739486694,"y":0.6770108938217163,"z":-0.0027774572372436525},"rotation":{"x":0.2968748211860657,"y":0.2719798684120178,"z":-0.0886174887418747,"w":0.9110759496688843},"size":1.4142136573791505,"orthographic":false}