{"cameraMode":{"drawMode":0,"name":"Shaded","section":"Shading Mode"},"sceneLighting":false,"audioPlay":false,"sceneViewState":{"m_AlwaysRefresh":false,"showFog":true,"showSkybox":false,"showFlares":true,"showImageEffects":true,"showParticleSystems":true,"showVisualEffectGraphs":true,"m_FxEnabled":true},"in2DMode":false,"pivot":{"x":0.8589307069778442,"y":2.0832812786102297,"z":-0.2982151508331299},"rotation":{"x":0.3379417359828949,"y":0.19206607341766358,"z":-0.07064878940582276,"w":0.9186577200889587},"size":1.6039495468139649,"orthographic":false}